﻿<?xml version="1.0" encoding="utf-8"?>
<ArrayOfPerson xmlns:xsi="http://www.w3.org/2001/XMLSchema-instance" xmlns:xsd="http://www.w3.org/2001/XMLSchema">
	<Person>
		<Name>Коробченко Александр</Name>
		<Marks>
			<int>4</int>
			<int>5</int>
			<int>5</int>
			<int>4</int>
			<int>5</int>
		</Marks>
	</Person>
	<Person>
		<Name>Игорь Гром</Name>
		<Marks>
			<int>3</int>
			<int>4</int>
			<int>3</int>
			<int>3</int>
			<int>4</int>
		</Marks>
	</Person>
	<Person>
		<Name>Стараха Михаил</Name>
		<Marks>
			<int>4</int>
			<int>4</int>
			<int>4</int>
			<int>5</int>
			<int>5</int>
		</Marks>
	</Person>
	<Person>
		<Name>Тришканёв Иван</Name>
		<Marks>
			<int>3</int>
			<int>2</int>
			<int>3</int>
			<int>4</int>
			<int>3</int>
		</Marks>
	</Person>
	<Person>
		<Name>Сорокин Сергей</Name>
		<Marks>
			<int>4</int>
			<int>3</int>
			<int>5</int>
			<int>4</int>
			<int>4</int>
		</Marks>
	</Person>
</ArrayOfPerson>
